Ping:,26.992,ms,Download:,91.8,Mbit/s,Upload:,14.31,Mbit/s,11/24/2016 13:36
Ping:,24.532,ms,Download:,88.19,Mbit/s,Upload:,14.12,Mbit/s,11/24/2016 13:36
Ping:,20.225,ms,Download:,59.86,Mbit/s,Upload:,14.11,Mbit/s,11/24/2016 13:37
Ping:,19.332,ms,Download:,91.81,Mbit/s,Upload:,14.22,Mbit/s,11/24/2016 13:37
Ping:,22.494,ms,Download:,92.05,Mbit/s,Upload:,14.08,Mbit/s,11/24/2016 13:38
Ping:,17.586,ms,Download:,91.88,Mbit/s,Upload:,14.18,Mbit/s,11/24/2016 13:39
Ping:,21.835,ms,Download:,92.18,Mbit/s,Upload:,14.07,Mbit/s,11/24/2016 13:39
Ping:,20.464,ms,Download:,92.05,Mbit/s,Upload:,14.13,Mbit/s,11/24/2016 13:40
Ping:,19.293,ms,Download:,90.79,Mbit/s,Upload:,14.14,Mbit/s,11/24/2016 13:40
Ping:,20.354,ms,Download:,92.64,Mbit/s,Upload:,14.07,Mbit/s,11/24/2016 13:41
Ping:,19.01,ms,Download:,91.86,Mbit/s,Upload:,14.38,Mbit/s,11/24/2016 13:41
Ping:,18.092,ms,Download:,92.24,Mbit/s,Upload:,14.23,Mbit/s,11/24/2016 13:42
Ping:,18.137,ms,Download:,91.64,Mbit/s,Upload:,14.32,Mbit/s,11/24/2016 13:42
Ping:,18.344,ms,Download:,92.85,Mbit/s,Upload:,14.2,Mbit/s,11/24/2016 13:43
Ping:,23.328,ms,Download:,92.21,Mbit/s,Upload:,14.2,Mbit/s,11/24/2016 13:43
Ping:,17.908,ms,Download:,92.24,Mbit/s,Upload:,11.36,Mbit/s,11/24/2016 13:43
Ping:,19.291,ms,Download:,92.41,Mbit/s,Upload:,14.03,Mbit/s,11/24/2016 13:44
Ping:,20.117,ms,Download:,90.39,Mbit/s,Upload:,14.17,Mbit/s,11/24/2016 13:45
Ping:,19.579,ms,Download:,92.55,Mbit/s,Upload:,14.06,Mbit/s,11/24/2016 13:45
Ping:,16.364,ms,Download:,78.51,Mbit/s,Upload:,13.71,Mbit/s,11/24/2016 13:46
Ping:,19.147,ms,Download:,91.49,Mbit/s,Upload:,14.17,Mbit/s,11/24/2016 13:46
Ping:,19.342,ms,Download:,91.46,Mbit/s,Upload:,14.16,Mbit/s,11/24/2016 13:47
Ping:,21.959,ms,Download:,91.19,Mbit/s,Upload:,14.37,Mbit/s,11/24/2016 13:47
Ping:,19.951,ms,Download:,91.64,Mbit/s,Upload:,13.87,Mbit/s,11/24/2016 13:48
Ping:,17.13,ms,Download:,90.47,Mbit/s,Upload:,14.38,Mbit/s,11/24/2016 13:48
Ping:,19.822,ms,Download:,91.9,Mbit/s,Upload:,14.19,Mbit/s,11/24/2016 13:49
Ping:,20.559,ms,Download:,91.96,Mbit/s,Upload:,14.18,Mbit/s,11/24/2016 13:49
Ping:,16.649,ms,Download:,92.24,Mbit/s,Upload:,14.23,Mbit/s,11/24/2016 13:50
Ping:,21.036,ms,Download:,90.93,Mbit/s,Upload:,13.97,Mbit/s,11/24/2016 13:50
Ping:,22.457,ms,Download:,92.36,Mbit/s,Upload:,14.28,Mbit/s,11/24/2016 13:51
Ping:,18.345,ms,Download:,91.42,Mbit/s,Upload:,14.22,Mbit/s,11/24/2016 13:51
Ping:,22.255,ms,Download:,91.36,Mbit/s,Upload:,14.14,Mbit/s,11/24/2016 13:52
Ping:,18.681,ms,Download:,91.5,Mbit/s,Upload:,14.21,Mbit/s,11/24/2016 13:52
Ping:,17.665,ms,Download:,92.04,Mbit/s,Upload:,14.03,Mbit/s,11/24/2016 13:53
Ping:,22.605,ms,Download:,91.04,Mbit/s,Upload:,14.31,Mbit/s,11/24/2016 13:53
Ping:,17.445,ms,Download:,92.07,Mbit/s,Upload:,14.12,Mbit/s,11/24/2016 13:54
Ping:,20.771,ms,Download:,92.14,Mbit/s,Upload:,9.23,Mbit/s,11/24/2016 13:54
Ping:,18.916,ms,Download:,92.3,Mbit/s,Upload:,13.97,Mbit/s,11/24/2016 13:55
Ping:,19.17,ms,Download:,92.27,Mbit/s,Upload:,14.06,Mbit/s,11/24/2016 13:55
Ping:,19.197,ms,Download:,91.89,Mbit/s,Upload:,10.73,Mbit/s,11/24/2016 13:56
Ping:,20.921,ms,Download:,92.37,Mbit/s,Upload:,14.16,Mbit/s,11/24/2016 13:56
Ping:,18.565,ms,Download:,91.98,Mbit/s,Upload:,14.35,Mbit/s,11/24/2016 13:57
Ping:,18.607,ms,Download:,92,Mbit/s,Upload:,14.05,Mbit/s,11/24/2016 13:57
Ping:,17.826,ms,Download:,91.14,Mbit/s,Upload:,14.3,Mbit/s,11/24/2016 13:58
Ping:,19.038,ms,Download:,92.06,Mbit/s,Upload:,10.85,Mbit/s,11/24/2016 13:58
Ping:,19.712,ms,Download:,90.45,Mbit/s,Upload:,14.28,Mbit/s,11/24/2016 13:59
Ping:,19.754,ms,Download:,92.21,Mbit/s,Upload:,14.33,Mbit/s,11/24/2016 13:59
Ping:,22.427,ms,Download:,88.81,Mbit/s,Upload:,7.4,Mbit/s,11/24/2016 14:00
Ping:,19.862,ms,Download:,92.41,Mbit/s,Upload:,14.46,Mbit/s,11/24/2016 14:00
Ping:,18.858,ms,Download:,92.25,Mbit/s,Upload:,14.25,Mbit/s,11/24/2016 14:01
Ping:,21.899,ms,Download:,91.53,Mbit/s,Upload:,13.95,Mbit/s,11/24/2016 14:01
Ping:,19.482,ms,Download:,91.09,Mbit/s,Upload:,13.7,Mbit/s,11/24/2016 14:02
Ping:,25.331,ms,Download:,84.75,Mbit/s,Upload:,13.89,Mbit/s,11/24/2016 14:02
Ping:,19.632,ms,Download:,92.42,Mbit/s,Upload:,14.23,Mbit/s,11/24/2016 14:03
Ping:,18.816,ms,Download:,92.26,Mbit/s,Upload:,13.31,Mbit/s,11/24/2016 14:03
Ping:,20.994,ms,Download:,92,Mbit/s,Upload:,14.06,Mbit/s,11/24/2016 14:04
Ping:,19.366,ms,Download:,91.46,Mbit/s,Upload:,13.83,Mbit/s,11/24/2016 14:04
Ping:,18.014,ms,Download:,90.88,Mbit/s,Upload:,14.09,Mbit/s,11/24/2016 14:05
Ping:,17.715,ms,Download:,90.23,Mbit/s,Upload:,14.16,Mbit/s,11/24/2016 14:05
Ping:,20.273,ms,Download:,91.82,Mbit/s,Upload:,14.18,Mbit/s,11/24/2016 14:06
Ping:,17.505,ms,Download:,83.68,Mbit/s,Upload:,11.81,Mbit/s,11/24/2016 14:06
Ping:,20.7,ms,Download:,88.98,Mbit/s,Upload:,13.96,Mbit/s,11/24/2016 14:07
Ping:,21.189,ms,Download:,92.17,Mbit/s,Upload:,14.25,Mbit/s,11/24/2016 14:07
Ping:,21.28,ms,Download:,91.8,Mbit/s,Upload:,13.8,Mbit/s,11/24/2016 14:08
Ping:,21.942,ms,Download:,92.22,Mbit/s,Upload:,14.09,Mbit/s,11/24/2016 14:08
Ping:,21.935,ms,Download:,91.83,Mbit/s,Upload:,14.04,Mbit/s,11/24/2016 14:09
Ping:,22.176,ms,Download:,92.25,Mbit/s,Upload:,14.01,Mbit/s,11/24/2016 14:09
Ping:,20.493,ms,Download:,91.81,Mbit/s,Upload:,14.3,Mbit/s,11/24/2016 14:10
Ping:,20.933,ms,Download:,91.76,Mbit/s,Upload:,11,Mbit/s,11/24/2016 14:10
Ping:,22.627,ms,Download:,91.79,Mbit/s,Upload:,14.28,Mbit/s,11/24/2016 14:11
Ping:,20.212,ms,Download:,88.41,Mbit/s,Upload:,14.2,Mbit/s,11/24/2016 14:11
Ping:,20.465,ms,Download:,90.03,Mbit/s,Upload:,14.05,Mbit/s,11/24/2016 14:12
Ping:,22.501,ms,Download:,91.2,Mbit/s,Upload:,14.31,Mbit/s,11/24/2016 14:12
Ping:,21.149,ms,Download:,91.98,Mbit/s,Upload:,13.84,Mbit/s,11/24/2016 14:13
Ping:,22.679,ms,Download:,92.04,Mbit/s,Upload:,13.91,Mbit/s,11/24/2016 14:13
Ping:,20.85,ms,Download:,92.04,Mbit/s,Upload:,13.93,Mbit/s,11/24/2016 14:14
Ping:,19.671,ms,Download:,92.5,Mbit/s,Upload:,14,Mbit/s,11/24/2016 14:14
Ping:,21.312,ms,Download:,91.17,Mbit/s,Upload:,14.22,Mbit/s,11/24/2016 14:15
Ping:,21.569,ms,Download:,92.02,Mbit/s,Upload:,14.15,Mbit/s,11/24/2016 14:15
Ping:,23.272,ms,Download:,92.31,Mbit/s,Upload:,14.11,Mbit/s,11/24/2016 14:16
Ping:,21.666,ms,Download:,91.96,Mbit/s,Upload:,14.01,Mbit/s,11/24/2016 14:16
Ping:,18.758,ms,Download:,91.36,Mbit/s,Upload:,14.05,Mbit/s,11/24/2016 14:17
Ping:,19.028,ms,Download:,92.3,Mbit/s,Upload:,14.32,Mbit/s,11/24/2016 14:17
Ping:,19.764,ms,Download:,89.2,Mbit/s,Upload:,13.8,Mbit/s,11/24/2016 14:18
Ping:,18.557,ms,Download:,92.19,Mbit/s,Upload:,14.08,Mbit/s,11/24/2016 14:18
Ping:,22.456,ms,Download:,87.69,Mbit/s,Upload:,10.02,Mbit/s,11/24/2016 14:19
Ping:,17.629,ms,Download:,92.27,Mbit/s,Upload:,13.87,Mbit/s,11/24/2016 14:19
Ping:,19.136,ms,Download:,92.25,Mbit/s,Upload:,13.98,Mbit/s,11/24/2016 14:20
Ping:,20.613,ms,Download:,90.37,Mbit/s,Upload:,13.87,Mbit/s,11/24/2016 14:20
Ping:,19.783,ms,Download:,90.88,Mbit/s,Upload:,14.07,Mbit/s,11/24/2016 14:21
Ping:,17.66,ms,Download:,92.03,Mbit/s,Upload:,13.85,Mbit/s,11/24/2016 14:21
Ping:,22.224,ms,Download:,91.72,Mbit/s,Upload:,13.64,Mbit/s,11/24/2016 14:22
Ping:,20.583,ms,Download:,91.7,Mbit/s,Upload:,14.01,Mbit/s,11/24/2016 14:22
Ping:,18.076,ms,Download:,89.82,Mbit/s,Upload:,13.96,Mbit/s,11/24/2016 14:23
Ping:,22.321,ms,Download:,90.56,Mbit/s,Upload:,13.94,Mbit/s,11/24/2016 14:23
Ping:,21.325,ms,Download:,87.97,Mbit/s,Upload:,13.49,Mbit/s,11/24/2016 14:24
Ping:,24.127,ms,Download:,88.75,Mbit/s,Upload:,13.67,Mbit/s,11/24/2016 14:24
Ping:,20.6,ms,Download:,90.74,Mbit/s,Upload:,14.07,Mbit/s,11/24/2016 14:25
Ping:,23.999,ms,Download:,91.15,Mbit/s,Upload:,13.75,Mbit/s,11/24/2016 14:25
Ping:,18.905,ms,Download:,91.64,Mbit/s,Upload:,14.09,Mbit/s,11/24/2016 14:26
Ping:,18.314,ms,Download:,92.07,Mbit/s,Upload:,13.67,Mbit/s,11/24/2016 14:26
Ping:,19.381,ms,Download:,89.03,Mbit/s,Upload:,13.66,Mbit/s,11/24/2016 14:27
Ping:,20.786,ms,Download:,90.25,Mbit/s,Upload:,13.53,Mbit/s,11/24/2016 14:27
Ping:,20.707,ms,Download:,91.49,Mbit/s,Upload:,14.02,Mbit/s,11/24/2016 14:28
Ping:,22.344,ms,Download:,91.72,Mbit/s,Upload:,14.08,Mbit/s,11/24/2016 14:28
Ping:,22.241,ms,Download:,92.35,Mbit/s,Upload:,14.29,Mbit/s,11/24/2016 14:29
Ping:,22.831,ms,Download:,90.68,Mbit/s,Upload:,13.1,Mbit/s,11/24/2016 14:29
Ping:,25.202,ms,Download:,89.8,Mbit/s,Upload:,14.08,Mbit/s,11/24/2016 14:30
Ping:,20.485,ms,Download:,90.51,Mbit/s,Upload:,14,Mbit/s,11/24/2016 14:30
Ping:,21.81,ms,Download:,91.39,Mbit/s,Upload:,13.97,Mbit/s,11/24/2016 14:31
Ping:,19.475,ms,Download:,92.24,Mbit/s,Upload:,14.11,Mbit/s,11/24/2016 14:32
Ping:,18.487,ms,Download:,92.33,Mbit/s,Upload:,14.34,Mbit/s,11/24/2016 14:32
Ping:,18.455,ms,Download:,92.22,Mbit/s,Upload:,14.27,Mbit/s,11/24/2016 14:32
Ping:,19.053,ms,Download:,92.28,Mbit/s,Upload:,14.03,Mbit/s,11/24/2016 14:33
Ping:,25.75,ms,Download:,92.09,Mbit/s,Upload:,13.74,Mbit/s,11/24/2016 14:33
Ping:,21.786,ms,Download:,91.76,Mbit/s,Upload:,13.91,Mbit/s,11/24/2016 14:34
Ping:,22.485,ms,Download:,90.72,Mbit/s,Upload:,13.76,Mbit/s,11/24/2016 14:34
Ping:,24.378,ms,Download:,91.46,Mbit/s,Upload:,13.97,Mbit/s,11/24/2016 14:35
Ping:,17.982,ms,Download:,92.03,Mbit/s,Upload:,13.66,Mbit/s,11/24/2016 14:36
Ping:,22.381,ms,Download:,90.17,Mbit/s,Upload:,13.99,Mbit/s,11/24/2016 14:36
Ping:,17.404,ms,Download:,92.39,Mbit/s,Upload:,13.96,Mbit/s,11/24/2016 14:37
Ping:,17.221,ms,Download:,91.33,Mbit/s,Upload:,14.32,Mbit/s,11/24/2016 14:37
Ping:,19.506,ms,Download:,92.16,Mbit/s,Upload:,13.84,Mbit/s,11/24/2016 14:38
Ping:,18.704,ms,Download:,91.85,Mbit/s,Upload:,13.81,Mbit/s,11/24/2016 14:38
Ping:,20.812,ms,Download:,92.6,Mbit/s,Upload:,13.86,Mbit/s,11/24/2016 14:39
Ping:,20.928,ms,Download:,91.6,Mbit/s,Upload:,13.64,Mbit/s,11/24/2016 14:39
Ping:,22.561,ms,Download:,86.31,Mbit/s,Upload:,13.56,Mbit/s,11/24/2016 14:40
Ping:,21.889,ms,Download:,91.2,Mbit/s,Upload:,14.11,Mbit/s,11/24/2016 14:40
Ping:,21.047,ms,Download:,91.95,Mbit/s,Upload:,14.12,Mbit/s,11/24/2016 14:41
Ping:,17.954,ms,Download:,92.06,Mbit/s,Upload:,14.15,Mbit/s,11/24/2016 14:41
Ping:,18.193,ms,Download:,92.38,Mbit/s,Upload:,14.39,Mbit/s,11/24/2016 14:42
Ping:,23.33,ms,Download:,91.29,Mbit/s,Upload:,14.19,Mbit/s,11/24/2016 14:42
Ping:,20.805,ms,Download:,92.26,Mbit/s,Upload:,14.5,Mbit/s,11/24/2016 14:43
Ping:,20.67,ms,Download:,92.32,Mbit/s,Upload:,14.05,Mbit/s,11/24/2016 14:43
Ping:,18.251,ms,Download:,90.87,Mbit/s,Upload:,13.83,Mbit/s,11/24/2016 14:44
Ping:,19.772,ms,Download:,92.56,Mbit/s,Upload:,14,Mbit/s,11/24/2016 14:44
Ping:,19.44,ms,Download:,92.21,Mbit/s,Upload:,14.25,Mbit/s,11/24/2016 14:45
Ping:,23.605,ms,Download:,91.33,Mbit/s,Upload:,13.26,Mbit/s,11/24/2016 14:45
Ping:,21.145,ms,Download:,91.82,Mbit/s,Upload:,14.43,Mbit/s,11/24/2016 14:46
Ping:,19.755,ms,Download:,91.21,Mbit/s,Upload:,14.36,Mbit/s,11/24/2016 14:46
Ping:,20.073,ms,Download:,91.91,Mbit/s,Upload:,14.32,Mbit/s,11/24/2016 14:47
Ping:,18.29,ms,Download:,92.02,Mbit/s,Upload:,14.04,Mbit/s,11/24/2016 14:47
Ping:,21.117,ms,Download:,91.79,Mbit/s,Upload:,14.2,Mbit/s,11/24/2016 14:48
Ping:,20.077,ms,Download:,91.94,Mbit/s,Upload:,14.09,Mbit/s,11/24/2016 14:48
Ping:,19.254,ms,Download:,92.13,Mbit/s,Upload:,14.47,Mbit/s,11/24/2016 14:49
Ping:,17.752,ms,Download:,89.36,Mbit/s,Upload:,13.79,Mbit/s,11/24/2016 14:49
Ping:,19.511,ms,Download:,92.31,Mbit/s,Upload:,13.98,Mbit/s,11/24/2016 14:50
Ping:,17.377,ms,Download:,89.8,Mbit/s,Upload:,14.38,Mbit/s,11/24/2016 14:50
Ping:,19.755,ms,Download:,92.02,Mbit/s,Upload:,13.98,Mbit/s,11/24/2016 14:51
Ping:,20.084,ms,Download:,91.3,Mbit/s,Upload:,14.21,Mbit/s,11/24/2016 14:51
Ping:,21.723,ms,Download:,91.95,Mbit/s,Upload:,14.11,Mbit/s,11/24/2016 14:52
Ping:,19.317,ms,Download:,92.38,Mbit/s,Upload:,13.73,Mbit/s,11/24/2016 14:52
Ping:,17.082,ms,Download:,92.25,Mbit/s,Upload:,13.93,Mbit/s,11/24/2016 14:53
Ping:,17.574,ms,Download:,91.98,Mbit/s,Upload:,14.3,Mbit/s,11/24/2016 14:53
Ping:,20.555,ms,Download:,92.16,Mbit/s,Upload:,14.16,Mbit/s,11/24/2016 14:54
Ping:,20.322,ms,Download:,91.97,Mbit/s,Upload:,14.41,Mbit/s,11/24/2016 14:54
Ping:,19.424,ms,Download:,91.67,Mbit/s,Upload:,14.33,Mbit/s,11/24/2016 14:55
Ping:,19.423,ms,Download:,90.08,Mbit/s,Upload:,13.87,Mbit/s,11/24/2016 14:55
Ping:,22.679,ms,Download:,88.99,Mbit/s,Upload:,14.23,Mbit/s,11/24/2016 14:56
Ping:,23.688,ms,Download:,90.98,Mbit/s,Upload:,14.02,Mbit/s,11/24/2016 14:56
Ping:,19.557,ms,Download:,91.82,Mbit/s,Upload:,14.11,Mbit/s,11/24/2016 14:57
Ping:,18.818,ms,Download:,58.48,Mbit/s,Upload:,13.72,Mbit/s,11/24/2016 14:57
Ping:,17.648,ms,Download:,88.68,Mbit/s,Upload:,14.25,Mbit/s,11/24/2016 14:58
Ping:,18.766,ms,Download:,92.64,Mbit/s,Upload:,14.16,Mbit/s,11/24/2016 14:58
Ping:,19.591,ms,Download:,83.73,Mbit/s,Upload:,14.24,Mbit/s,11/24/2016 14:59
Ping:,24.292,ms,Download:,91.74,Mbit/s,Upload:,14.04,Mbit/s,11/24/2016 14:59
Ping:,55.86,ms,Download:,91.57,Mbit/s,Upload:,14.22,Mbit/s,11/24/2016 15:00
Ping:,21.093,ms,Download:,91.58,Mbit/s,Upload:,14.26,Mbit/s,11/24/2016 15:00
Ping:,17.416,ms,Download:,89.49,Mbit/s,Upload:,14.27,Mbit/s,11/24/2016 15:01
Ping:,18.155,ms,Download:,91.34,Mbit/s,Upload:,13.9,Mbit/s,11/24/2016 15:02
Ping:,19.995,ms,Download:,91.91,Mbit/s,Upload:,14.29,Mbit/s,11/24/2016 15:02
Ping:,19.726,ms,Download:,91.99,Mbit/s,Upload:,14.46,Mbit/s,11/24/2016 15:03
Ping:,26.347,ms,Download:,90.96,Mbit/s,Upload:,14.29,Mbit/s,11/24/2016 15:03
Ping:,21.724,ms,Download:,90.93,Mbit/s,Upload:,14.29,Mbit/s,11/24/2016 15:04
Ping:,20.31,ms,Download:,91.99,Mbit/s,Upload:,14.08,Mbit/s,11/24/2016 15:04
Ping:,18.902,ms,Download:,92.13,Mbit/s,Upload:,14.15,Mbit/s,11/24/2016 15:05
Ping:,19.73,ms,Download:,91.9,Mbit/s,Upload:,13.66,Mbit/s,11/24/2016 15:05
Ping:,19.952,ms,Download:,74.31,Mbit/s,Upload:,14.41,Mbit/s,11/24/2016 15:06
Ping:,19.048,ms,Download:,91.82,Mbit/s,Upload:,14.34,Mbit/s,11/24/2016 15:06
Ping:,20.056,ms,Download:,91.7,Mbit/s,Upload:,14.16,Mbit/s,11/24/2016 15:07
Ping:,20.592,ms,Download:,91.73,Mbit/s,Upload:,14.23,Mbit/s,11/24/2016 15:07
Ping:,23.398,ms,Download:,91.87,Mbit/s,Upload:,14.25,Mbit/s,11/24/2016 15:08
Ping:,19.048,ms,Download:,92.35,Mbit/s,Upload:,14.26,Mbit/s,11/24/2016 15:08
Ping:,18.941,ms,Download:,92.12,Mbit/s,Upload:,13.98,Mbit/s,11/24/2016 15:09
Ping:,20.026,ms,Download:,91.77,Mbit/s,Upload:,14.15,Mbit/s,11/24/2016 15:09
Ping:,18.891,ms,Download:,91.99,Mbit/s,Upload:,14.13,Mbit/s,11/24/2016 15:10
Ping:,21.565,ms,Download:,92.13,Mbit/s,Upload:,12.84,Mbit/s,11/24/2016 15:10
Ping:,20.573,ms,Download:,92.15,Mbit/s,Upload:,13.81,Mbit/s,11/24/2016 15:11
Ping:,18.532,ms,Download:,91.97,Mbit/s,Upload:,13.36,Mbit/s,11/24/2016 15:11
Ping:,20.694,ms,Download:,91.95,Mbit/s,Upload:,13.56,Mbit/s,11/24/2016 15:12
Ping:,19.762,ms,Download:,91.3,Mbit/s,Upload:,13.76,Mbit/s,11/24/2016 15:12
Ping:,17.32,ms,Download:,91.76,Mbit/s,Upload:,13.62,Mbit/s,11/24/2016 15:13
Ping:,23.625,ms,Download:,92.25,Mbit/s,Upload:,13.63,Mbit/s,11/24/2016 15:13
Ping:,18.992,ms,Download:,92.01,Mbit/s,Upload:,13.79,Mbit/s,11/24/2016 15:14
Ping:,19.485,ms,Download:,90.93,Mbit/s,Upload:,14,Mbit/s,11/24/2016 15:14
Ping:,18.498,ms,Download:,91.97,Mbit/s,Upload:,13.46,Mbit/s,11/24/2016 15:15
Ping:,24.064,ms,Download:,92.7,Mbit/s,Upload:,13.11,Mbit/s,11/24/2016 15:15
Ping:,21.577,ms,Download:,91.97,Mbit/s,Upload:,13.87,Mbit/s,11/24/2016 15:16
Ping:,20.588,ms,Download:,90.87,Mbit/s,Upload:,13.54,Mbit/s,11/24/2016 15:16
Ping:,21.084,ms,Download:,91.94,Mbit/s,Upload:,13.42,Mbit/s,11/24/2016 15:17
Ping:,19.706,ms,Download:,92.72,Mbit/s,Upload:,13.93,Mbit/s,11/24/2016 15:17
Ping:,18.141,ms,Download:,91.92,Mbit/s,Upload:,13.9,Mbit/s,11/24/2016 15:18
Ping:,23.539,ms,Download:,91.83,Mbit/s,Upload:,14.06,Mbit/s,11/24/2016 15:18
Ping:,19.633,ms,Download:,91.4,Mbit/s,Upload:,13.94,Mbit/s,11/24/2016 15:19
Ping:,19.139,ms,Download:,91.39,Mbit/s,Upload:,14.11,Mbit/s,11/24/2016 15:19
Ping:,18.941,ms,Download:,92.62,Mbit/s,Upload:,13.25,Mbit/s,11/24/2016 15:20
Ping:,20.859,ms,Download:,91.3,Mbit/s,Upload:,13.32,Mbit/s,11/24/2016 15:20
Ping:,20.273,ms,Download:,92.22,Mbit/s,Upload:,13.68,Mbit/s,11/24/2016 15:21
Ping:,23.112,ms,Download:,83.14,Mbit/s,Upload:,13.87,Mbit/s,11/24/2016 15:21
Ping:,25.45,ms,Download:,90.9,Mbit/s,Upload:,13.57,Mbit/s,11/24/2016 15:22
Ping:,17.727,ms,Download:,92.39,Mbit/s,Upload:,13.69,Mbit/s,11/24/2016 15:22
Ping:,21.293,ms,Download:,92.12,Mbit/s,Upload:,13.61,Mbit/s,11/24/2016 15:23
Ping:,24.47,ms,Download:,68.87,Mbit/s,Upload:,14.01,Mbit/s,11/24/2016 15:23
Ping:,20.256,ms,Download:,91.14,Mbit/s,Upload:,14.08,Mbit/s,11/24/2016 15:24
Ping:,21.197,ms,Download:,91.99,Mbit/s,Upload:,14.53,Mbit/s,11/24/2016 15:24
Ping:,21.164,ms,Download:,92.07,Mbit/s,Upload:,14.06,Mbit/s,11/24/2016 15:25
Ping:,19.546,ms,Download:,92,Mbit/s,Upload:,14.29,Mbit/s,11/24/2016 15:25
Ping:,16.167,ms,Download:,91.59,Mbit/s,Upload:,13.8,Mbit/s,11/24/2016 15:26
Ping:,16.774,ms,Download:,90.36,Mbit/s,Upload:,14.42,Mbit/s,11/24/2016 15:26
Ping:,21.436,ms,Download:,91.54,Mbit/s,Upload:,14.29,Mbit/s,11/24/2016 15:27
Ping:,20.84,ms,Download:,92.79,Mbit/s,Upload:,13.65,Mbit/s,11/24/2016 15:27
Ping:,18.484,ms,Download:,92.64,Mbit/s,Upload:,14.23,Mbit/s,11/24/2016 15:28
Ping:,21.908,ms,Download:,92.12,Mbit/s,Upload:,14.06,Mbit/s,11/24/2016 15:28
Ping:,18.861,ms,Download:,91.86,Mbit/s,Upload:,14.03,Mbit/s,11/24/2016 15:29
Ping:,21.869,ms,Download:,92.53,Mbit/s,Upload:,13.78,Mbit/s,11/24/2016 15:29
Ping:,20.83,ms,Download:,90.79,Mbit/s,Upload:,14.08,Mbit/s,11/24/2016 15:30
Ping:,24.636,ms,Download:,91.44,Mbit/s,Upload:,14.06,Mbit/s,11/24/2016 15:30
Ping:,22.266,ms,Download:,91.64,Mbit/s,Upload:,13.61,Mbit/s,11/24/2016 15:31
Ping:,20.182,ms,Download:,91.77,Mbit/s,Upload:,14.26,Mbit/s,11/24/2016 15:31
Ping:,21.307,ms,Download:,89.33,Mbit/s,Upload:,14.24,Mbit/s,11/24/2016 15:32
Ping:,22.421,ms,Download:,92.73,Mbit/s,Upload:,14.41,Mbit/s,11/24/2016 15:32
Ping:,22.71,ms,Download:,92.63,Mbit/s,Upload:,13.89,Mbit/s,11/24/2016 15:33
Ping:,19.109,ms,Download:,92.57,Mbit/s,Upload:,14.07,Mbit/s,11/24/2016 15:33
Ping:,19.926,ms,Download:,91.35,Mbit/s,Upload:,14.07,Mbit/s,11/24/2016 15:34
Ping:,20.826,ms,Download:,91.02,Mbit/s,Upload:,14.42,Mbit/s,11/24/2016 15:34
Ping:,20.169,ms,Download:,90.25,Mbit/s,Upload:,14.22,Mbit/s,11/24/2016 15:35
Ping:,20.888,ms,Download:,90.62,Mbit/s,Upload:,13.85,Mbit/s,11/24/2016 15:35
Ping:,22.072,ms,Download:,92.58,Mbit/s,Upload:,14.18,Mbit/s,11/24/2016 15:36
Ping:,23.593,ms,Download:,91.75,Mbit/s,Upload:,13.92,Mbit/s,11/24/2016 15:36
Ping:,20.318,ms,Download:,92.25,Mbit/s,Upload:,13.37,Mbit/s,11/24/2016 15:37
Ping:,20.096,ms,Download:,90.84,Mbit/s,Upload:,12.62,Mbit/s,11/24/2016 15:37
Ping:,18.27,ms,Download:,91.77,Mbit/s,Upload:,13.61,Mbit/s,11/24/2016 15:38
Ping:,23.366,ms,Download:,91.58,Mbit/s,Upload:,13.39,Mbit/s,11/24/2016 15:38
Ping:,18.957,ms,Download:,74.46,Mbit/s,Upload:,8.93,Mbit/s,11/24/2016 15:39
Ping:,20.018,ms,Download:,92.23,Mbit/s,Upload:,13.31,Mbit/s,11/24/2016 15:39
Ping:,18.813,ms,Download:,92.54,Mbit/s,Upload:,13.34,Mbit/s,11/24/2016 15:40
Ping:,22.802,ms,Download:,91.66,Mbit/s,Upload:,13.74,Mbit/s,11/24/2016 15:41
Ping:,21.964,ms,Download:,91.39,Mbit/s,Upload:,13.39,Mbit/s,11/24/2016 15:41
Ping:,20.904,ms,Download:,91.3,Mbit/s,Upload:,13.53,Mbit/s,11/24/2016 15:42
Ping:,21.791,ms,Download:,91.84,Mbit/s,Upload:,13.49,Mbit/s,11/24/2016 15:42
Ping:,22.561,ms,Download:,87.06,Mbit/s,Upload:,13.75,Mbit/s,11/24/2016 15:43
Ping:,21.989,ms,Download:,89.06,Mbit/s,Upload:,13.44,Mbit/s,11/24/2016 15:43
Ping:,22.062,ms,Download:,91.9,Mbit/s,Upload:,13.19,Mbit/s,11/24/2016 15:44
Ping:,21.956,ms,Download:,91.1,Mbit/s,Upload:,13.33,Mbit/s,11/24/2016 15:44
Ping:,21.57,ms,Download:,91.71,Mbit/s,Upload:,13.37,Mbit/s,11/24/2016 15:45
Ping:,20.813,ms,Download:,91.57,Mbit/s,Upload:,13,Mbit/s,11/24/2016 15:45
Ping:,25.526,ms,Download:,87.11,Mbit/s,Upload:,12.93,Mbit/s,11/24/2016 15:46
Ping:,22.65,ms,Download:,90.36,Mbit/s,Upload:,13.33,Mbit/s,11/24/2016 15:46
Ping:,26.578,ms,Download:,91.27,Mbit/s,Upload:,12.98,Mbit/s,11/24/2016 15:47
Ping:,20.98,ms,Download:,91.07,Mbit/s,Upload:,13.04,Mbit/s,11/24/2016 15:47
Ping:,25.114,ms,Download:,92.52,Mbit/s,Upload:,13.1,Mbit/s,11/24/2016 15:48
Ping:,20.359,ms,Download:,91.69,Mbit/s,Upload:,12.35,Mbit/s,11/24/2016 15:48
Ping:,20.882,ms,Download:,91.58,Mbit/s,Upload:,13.19,Mbit/s,11/24/2016 15:49
Ping:,17.355,ms,Download:,91.87,Mbit/s,Upload:,13.87,Mbit/s,11/24/2016 15:49
Ping:,20.452,ms,Download:,88.01,Mbit/s,Upload:,13.81,Mbit/s,11/24/2016 15:50
Ping:,19.984,ms,Download:,91.94,Mbit/s,Upload:,13.71,Mbit/s,11/24/2016 15:50
Ping:,22.797,ms,Download:,91.1,Mbit/s,Upload:,13.54,Mbit/s,11/24/2016 15:51
Ping:,21.321,ms,Download:,92.17,Mbit/s,Upload:,13.39,Mbit/s,11/24/2016 15:51
Ping:,18.615,ms,Download:,91.49,Mbit/s,Upload:,13.51,Mbit/s,11/24/2016 15:52
Ping:,20.308,ms,Download:,85.49,Mbit/s,Upload:,13.5,Mbit/s,11/24/2016 15:52
Ping:,19.031,ms,Download:,92.22,Mbit/s,Upload:,13.65,Mbit/s,11/24/2016 15:53
Ping:,17.851,ms,Download:,92.25,Mbit/s,Upload:,13.59,Mbit/s,11/24/2016 15:53
Ping:,18.256,ms,Download:,91.74,Mbit/s,Upload:,13.7,Mbit/s,11/24/2016 15:54
Ping:,17.273,ms,Download:,92.14,Mbit/s,Upload:,13.64,Mbit/s,11/24/2016 15:54
Ping:,22.798,ms,Download:,90.26,Mbit/s,Upload:,13.53,Mbit/s,11/24/2016 15:55
Ping:,20.749,ms,Download:,89.98,Mbit/s,Upload:,13.56,Mbit/s,11/24/2016 15:55
Ping:,20.517,ms,Download:,91.89,Mbit/s,Upload:,13.36,Mbit/s,11/24/2016 15:56
Ping:,18.083,ms,Download:,91.77,Mbit/s,Upload:,14.01,Mbit/s,11/24/2016 15:56
Ping:,21.554,ms,Download:,92.16,Mbit/s,Upload:,13.95,Mbit/s,11/24/2016 15:57
Ping:,19.645,ms,Download:,92.1,Mbit/s,Upload:,14.24,Mbit/s,11/24/2016 15:57
Ping:,22.01,ms,Download:,90.77,Mbit/s,Upload:,13.44,Mbit/s,11/24/2016 15:58
Ping:,22.089,ms,Download:,88.43,Mbit/s,Upload:,13.31,Mbit/s,11/24/2016 15:58
Ping:,18.988,ms,Download:,89.46,Mbit/s,Upload:,13.18,Mbit/s,11/24/2016 15:59
Ping:,19.109,ms,Download:,91.88,Mbit/s,Upload:,13.22,Mbit/s,11/24/2016 15:59
Ping:,19.236,ms,Download:,92.21,Mbit/s,Upload:,9.7,Mbit/s,11/24/2016 16:00
Ping:,23.349,ms,Download:,92.34,Mbit/s,Upload:,13.4,Mbit/s,11/24/2016 16:00
Ping:,21.709,ms,Download:,91.79,Mbit/s,Upload:,13.73,Mbit/s,11/24/2016 16:01
Ping:,21.174,ms,Download:,91.94,Mbit/s,Upload:,13.64,Mbit/s,11/24/2016 16:01
Ping:,18.41,ms,Download:,92.16,Mbit/s,Upload:,13.17,Mbit/s,11/24/2016 16:02
Ping:,22.199,ms,Download:,90.4,Mbit/s,Upload:,13.55,Mbit/s,11/24/2016 16:02
Ping:,25.04,ms,Download:,91.09,Mbit/s,Upload:,13.16,Mbit/s,11/24/2016 16:03
Ping:,20.122,ms,Download:,91.69,Mbit/s,Upload:,13.38,Mbit/s,11/24/2016 16:04
Ping:,21.772,ms,Download:,91.93,Mbit/s,Upload:,13.42,Mbit/s,11/24/2016 16:04
Ping:,18.295,ms,Download:,91.92,Mbit/s,Upload:,13.2,Mbit/s,11/24/2016 16:05
Ping:,21.232,ms,Download:,91.16,Mbit/s,Upload:,13.04,Mbit/s,11/24/2016 16:05
Ping:,20.565,ms,Download:,87.69,Mbit/s,Upload:,13.21,Mbit/s,11/24/2016 16:06
Ping:,21.546,ms,Download:,92.13,Mbit/s,Upload:,13.25,Mbit/s,11/24/2016 16:06
Ping:,18.059,ms,Download:,91.93,Mbit/s,Upload:,13.07,Mbit/s,11/24/2016 16:07
Ping:,21.004,ms,Download:,92.24,Mbit/s,Upload:,13.34,Mbit/s,11/24/2016 16:07
Ping:,21.31,ms,Download:,91.99,Mbit/s,Upload:,13.38,Mbit/s,11/24/2016 16:08
Ping:,23.978,ms,Download:,91.77,Mbit/s,Upload:,13.45,Mbit/s,11/24/2016 16:08
Ping:,21.924,ms,Download:,91.31,Mbit/s,Upload:,13.37,Mbit/s,11/24/2016 16:09
Ping:,20.669,ms,Download:,91.6,Mbit/s,Upload:,13.46,Mbit/s,11/24/2016 16:09
Ping:,21.775,ms,Download:,92.3,Mbit/s,Upload:,13.64,Mbit/s,11/24/2016 16:10
Ping:,20.942,ms,Download:,90.54,Mbit/s,Upload:,13.33,Mbit/s,11/24/2016 16:10
Ping:,21.843,ms,Download:,90.97,Mbit/s,Upload:,12.41,Mbit/s,11/24/2016 16:11
Ping:,21.906,ms,Download:,90.08,Mbit/s,Upload:,13.06,Mbit/s,11/24/2016 16:11
Ping:,23.331,ms,Download:,88.6,Mbit/s,Upload:,12.46,Mbit/s,11/24/2016 16:12
Ping:,22.569,ms,Download:,91.68,Mbit/s,Upload:,13.14,Mbit/s,11/24/2016 16:12
Ping:,17.265,ms,Download:,91.89,Mbit/s,Upload:,13.25,Mbit/s,11/24/2016 16:13
Ping:,18.967,ms,Download:,91.98,Mbit/s,Upload:,12.73,Mbit/s,11/24/2016 16:13
Ping:,19.44,ms,Download:,92.64,Mbit/s,Upload:,12.79,Mbit/s,11/24/2016 16:14
Ping:,20.452,ms,Download:,92.61,Mbit/s,Upload:,13.98,Mbit/s,11/24/2016 16:14
Ping:,19.496,ms,Download:,88.72,Mbit/s,Upload:,12.96,Mbit/s,11/24/2016 16:15
Ping:,23.168,ms,Download:,92.59,Mbit/s,Upload:,11.72,Mbit/s,11/24/2016 16:15
Ping:,20.149,ms,Download:,90.09,Mbit/s,Upload:,12.78,Mbit/s,11/24/2016 16:16
Ping:,20.882,ms,Download:,91.76,Mbit/s,Upload:,13.31,Mbit/s,11/24/2016 16:16
Ping:,18.078,ms,Download:,91.12,Mbit/s,Upload:,12.56,Mbit/s,11/24/2016 16:17
Ping:,17.782,ms,Download:,91.59,Mbit/s,Upload:,12.9,Mbit/s,11/24/2016 16:17
Ping:,17.791,ms,Download:,91.16,Mbit/s,Upload:,12.21,Mbit/s,11/24/2016 16:18
Ping:,18.988,ms,Download:,92.35,Mbit/s,Upload:,12.24,Mbit/s,11/24/2016 16:18
Ping:,22.42,ms,Download:,91.64,Mbit/s,Upload:,13.1,Mbit/s,11/24/2016 16:19
Ping:,20.09,ms,Download:,90.18,Mbit/s,Upload:,12.17,Mbit/s,11/24/2016 16:19
Ping:,19.617,ms,Download:,92.56,Mbit/s,Upload:,12.12,Mbit/s,11/24/2016 16:20
Ping:,21.881,ms,Download:,92.11,Mbit/s,Upload:,13.29,Mbit/s,11/24/2016 16:20
Ping:,27.408,ms,Download:,92.18,Mbit/s,Upload:,13.95,Mbit/s,11/24/2016 16:21
Ping:,19.746,ms,Download:,92.59,Mbit/s,Upload:,13.86,Mbit/s,11/24/2016 16:21
Ping:,19.294,ms,Download:,90.28,Mbit/s,Upload:,14.14,Mbit/s,11/24/2016 16:22
Ping:,16.853,ms,Download:,91.57,Mbit/s,Upload:,12.94,Mbit/s,11/24/2016 16:22
Ping:,20.168,ms,Download:,91.92,Mbit/s,Upload:,14.15,Mbit/s,11/24/2016 16:23
Ping:,20.841,ms,Download:,90.92,Mbit/s,Upload:,13.58,Mbit/s,11/24/2016 16:23
Ping:,18.108,ms,Download:,91.26,Mbit/s,Upload:,13.93,Mbit/s,11/24/2016 16:24
Ping:,18.108,ms,Download:,91.39,Mbit/s,Upload:,14.29,Mbit/s,11/24/2016 16:24
Ping:,19.962,ms,Download:,91.44,Mbit/s,Upload:,14.17,Mbit/s,11/24/2016 16:25
Ping:,19.377,ms,Download:,92.82,Mbit/s,Upload:,13.88,Mbit/s,11/24/2016 16:25
Ping:,23.496,ms,Download:,88.94,Mbit/s,Upload:,14.14,Mbit/s,11/24/2016 16:26
Ping:,21.449,ms,Download:,90.21,Mbit/s,Upload:,13.83,Mbit/s,11/24/2016 16:26
Ping:,20.348,ms,Download:,92.36,Mbit/s,Upload:,12.74,Mbit/s,11/24/2016 16:27
Ping:,19.203,ms,Download:,92.78,Mbit/s,Upload:,13.52,Mbit/s,11/24/2016 16:27
Ping:,18.927,ms,Download:,92.47,Mbit/s,Upload:,13.25,Mbit/s,11/24/2016 16:28
Ping:,19.406,ms,Download:,91.51,Mbit/s,Upload:,13.92,Mbit/s,11/24/2016 16:28
Ping:,19.115,ms,Download:,92.17,Mbit/s,Upload:,14.42,Mbit/s,11/24/2016 16:29
Ping:,19.294,ms,Download:,92.52,Mbit/s,Upload:,14.51,Mbit/s,11/24/2016 16:29
Ping:,21.279,ms,Download:,92.36,Mbit/s,Upload:,13.77,Mbit/s,11/24/2016 16:30
Ping:,22.478,ms,Download:,92.23,Mbit/s,Upload:,14.32,Mbit/s,11/24/2016 16:30
Ping:,19.819,ms,Download:,92.36,Mbit/s,Upload:,14.06,Mbit/s,11/24/2016 16:31
Ping:,22.343,ms,Download:,92.76,Mbit/s,Upload:,14.18,Mbit/s,11/24/2016 16:31
Ping:,19.914,ms,Download:,91.83,Mbit/s,Upload:,14.05,Mbit/s,11/24/2016 16:32
Ping:,17.355,ms,Download:,91.17,Mbit/s,Upload:,14.48,Mbit/s,11/24/2016 16:32
Ping:,18.756,ms,Download:,90.09,Mbit/s,Upload:,14.47,Mbit/s,11/24/2016 16:33
Ping:,20.576,ms,Download:,91.89,Mbit/s,Upload:,14.14,Mbit/s,11/24/2016 16:33
Ping:,18.652,ms,Download:,92.48,Mbit/s,Upload:,13.85,Mbit/s,11/24/2016 16:34
Ping:,19.985,ms,Download:,92.25,Mbit/s,Upload:,13.98,Mbit/s,11/24/2016 16:34
Ping:,18.769,ms,Download:,88.16,Mbit/s,Upload:,13.88,Mbit/s,11/24/2016 16:35
Ping:,21.599,ms,Download:,92.08,Mbit/s,Upload:,14.23,Mbit/s,11/24/2016 16:35
Ping:,21.475,ms,Download:,91.64,Mbit/s,Upload:,14.23,Mbit/s,11/24/2016 16:36
Ping:,19.02,ms,Download:,92.49,Mbit/s,Upload:,13.99,Mbit/s,11/24/2016 16:36
Ping:,19.27,ms,Download:,92.08,Mbit/s,Upload:,14.31,Mbit/s,11/24/2016 16:37
Ping:,19.308,ms,Download:,90.85,Mbit/s,Upload:,14.25,Mbit/s,11/24/2016 16:37
Ping:,22.888,ms,Download:,90.61,Mbit/s,Upload:,14.17,Mbit/s,11/24/2016 16:38
Ping:,20.148,ms,Download:,91.76,Mbit/s,Upload:,14.04,Mbit/s,11/24/2016 16:38
Ping:,23.361,ms,Download:,90.64,Mbit/s,Upload:,14.16,Mbit/s,11/24/2016 16:39
Ping:,19.024,ms,Download:,92.32,Mbit/s,Upload:,14.54,Mbit/s,11/24/2016 16:39
Ping:,18.896,ms,Download:,92.47,Mbit/s,Upload:,14.34,Mbit/s,11/24/2016 16:40
Ping:,22.571,ms,Download:,91.68,Mbit/s,Upload:,14.06,Mbit/s,11/24/2016 16:40
Ping:,22.136,ms,Download:,92.22,Mbit/s,Upload:,13.94,Mbit/s,11/24/2016 16:41
Ping:,19.885,ms,Download:,89.86,Mbit/s,Upload:,14.23,Mbit/s,11/24/2016 16:41
Ping:,18.199,ms,Download:,92.29,Mbit/s,Upload:,10.9,Mbit/s,11/24/2016 16:42
Ping:,25.933,ms,Download:,90.3,Mbit/s,Upload:,13.76,Mbit/s,11/24/2016 16:43
Ping:,20.068,ms,Download:,91.77,Mbit/s,Upload:,14.24,Mbit/s,11/24/2016 16:43
Ping:,19.33,ms,Download:,92.2,Mbit/s,Upload:,14.35,Mbit/s,11/24/2016 16:44
Ping:,22.246,ms,Download:,90.51,Mbit/s,Upload:,14.04,Mbit/s,11/24/2016 16:44
Ping:,22.346,ms,Download:,91.5,Mbit/s,Upload:,13.6,Mbit/s,11/24/2016 16:45
Ping:,21.009,ms,Download:,91.69,Mbit/s,Upload:,13.99,Mbit/s,11/24/2016 16:45
Ping:,21.801,ms,Download:,92.41,Mbit/s,Upload:,9.77,Mbit/s,11/24/2016 16:46
Ping:,18.76,ms,Download:,92.19,Mbit/s,Upload:,13.88,Mbit/s,11/24/2016 16:46
Ping:,20.999,ms,Download:,92.24,Mbit/s,Upload:,13.33,Mbit/s,11/24/2016 16:47
Ping:,19.565,ms,Download:,89.07,Mbit/s,Upload:,13.64,Mbit/s,11/24/2016 16:47
Ping:,25.274,ms,Download:,90.66,Mbit/s,Upload:,14.01,Mbit/s,11/24/2016 16:48
Ping:,19.283,ms,Download:,90.69,Mbit/s,Upload:,13.33,Mbit/s,11/24/2016 16:48
Ping:,22.689,ms,Download:,90.53,Mbit/s,Upload:,13.3,Mbit/s,11/24/2016 16:49
Ping:,27.662,ms,Download:,88.17,Mbit/s,Upload:,10.63,Mbit/s,11/24/2016 16:49
Ping:,17.921,ms,Download:,89.84,Mbit/s,Upload:,14.08,Mbit/s,11/24/2016 16:50
Ping:,20.452,ms,Download:,91.61,Mbit/s,Upload:,14.21,Mbit/s,11/24/2016 16:50
Ping:,19.624,ms,Download:,91.1,Mbit/s,Upload:,13.25,Mbit/s,11/24/2016 16:51
Ping:,18.44,ms,Download:,92.65,Mbit/s,Upload:,13.84,Mbit/s,11/24/2016 16:51
Ping:,24.559,ms,Download:,89.87,Mbit/s,Upload:,13.61,Mbit/s,11/24/2016 16:52
Ping:,19.596,ms,Download:,89.31,Mbit/s,Upload:,13.46,Mbit/s,11/24/2016 16:52
Ping:,22.922,ms,Download:,92.58,Mbit/s,Upload:,13.07,Mbit/s,11/24/2016 16:53
Ping:,23.236,ms,Download:,92.03,Mbit/s,Upload:,13.74,Mbit/s,11/24/2016 16:53
Ping:,26.869,ms,Download:,92.05,Mbit/s,Upload:,13.92,Mbit/s,11/24/2016 16:54
Ping:,22.181,ms,Download:,92.16,Mbit/s,Upload:,13.97,Mbit/s,11/24/2016 16:54
Ping:,21.874,ms,Download:,87.18,Mbit/s,Upload:,13.71,Mbit/s,11/24/2016 16:55
Ping:,20.038,ms,Download:,91.79,Mbit/s,Upload:,14.14,Mbit/s,11/24/2016 16:55
Ping:,21.667,ms,Download:,91.76,Mbit/s,Upload:,14.07,Mbit/s,11/24/2016 16:56
Ping:,19.829,ms,Download:,92.4,Mbit/s,Upload:,14.32,Mbit/s,11/24/2016 16:56
Ping:,21.561,ms,Download:,92.23,Mbit/s,Upload:,14.38,Mbit/s,11/24/2016 16:57
Ping:,21.492,ms,Download:,89.93,Mbit/s,Upload:,14.01,Mbit/s,11/24/2016 16:57
Ping:,21.665,ms,Download:,91.39,Mbit/s,Upload:,13.47,Mbit/s,11/24/2016 16:58
Ping:,20.753,ms,Download:,87.7,Mbit/s,Upload:,13.95,Mbit/s,11/24/2016 16:58
Ping:,20.777,ms,Download:,90.52,Mbit/s,Upload:,14.12,Mbit/s,11/24/2016 16:59
Ping:,17.827,ms,Download:,92.85,Mbit/s,Upload:,12.75,Mbit/s,11/24/2016 16:59
Ping:,22.945,ms,Download:,90.89,Mbit/s,Upload:,10.32,Mbit/s,11/24/2016 17:00
Ping:,24.298,ms,Download:,84.78,Mbit/s,Upload:,14.1,Mbit/s,11/24/2016 17:00
Ping:,23.326,ms,Download:,91.54,Mbit/s,Upload:,13.81,Mbit/s,11/24/2016 17:01
Ping:,23.231,ms,Download:,90.99,Mbit/s,Upload:,13.54,Mbit/s,11/24/2016 17:01
Ping:,20.442,ms,Download:,92.86,Mbit/s,Upload:,14.03,Mbit/s,11/24/2016 17:02
Ping:,20.8,ms,Download:,92.87,Mbit/s,Upload:,13.98,Mbit/s,11/24/2016 17:02
Ping:,22.576,ms,Download:,89.72,Mbit/s,Upload:,13.24,Mbit/s,11/24/2016 17:03
Ping:,21.782,ms,Download:,59.71,Mbit/s,Upload:,13.69,Mbit/s,11/24/2016 17:03
Ping:,20.116,ms,Download:,92.64,Mbit/s,Upload:,14.13,Mbit/s,11/24/2016 17:04
Ping:,17.957,ms,Download:,91.9,Mbit/s,Upload:,14.05,Mbit/s,11/24/2016 17:04
Ping:,21.972,ms,Download:,75.13,Mbit/s,Upload:,14.39,Mbit/s,11/24/2016 17:05
Ping:,20.029,ms,Download:,92.59,Mbit/s,Upload:,14.22,Mbit/s,11/24/2016 17:05
Ping:,22.818,ms,Download:,90.7,Mbit/s,Upload:,13.91,Mbit/s,11/24/2016 17:06
Ping:,21.137,ms,Download:,92.39,Mbit/s,Upload:,14.36,Mbit/s,11/24/2016 17:06
Ping:,18.715,ms,Download:,87.05,Mbit/s,Upload:,14.51,Mbit/s,11/24/2016 17:07
Ping:,21.525,ms,Download:,92.27,Mbit/s,Upload:,14.46,Mbit/s,11/24/2016 17:07
Ping:,22.539,ms,Download:,89.43,Mbit/s,Upload:,14.1,Mbit/s,11/24/2016 17:08
Ping:,20.492,ms,Download:,91.57,Mbit/s,Upload:,14.04,Mbit/s,11/24/2016 17:08
Ping:,21.133,ms,Download:,91.77,Mbit/s,Upload:,13.4,Mbit/s,11/24/2016 17:09
Ping:,19.242,ms,Download:,89.64,Mbit/s,Upload:,13.46,Mbit/s,11/24/2016 17:09
Ping:,22.424,ms,Download:,92.48,Mbit/s,Upload:,12.97,Mbit/s,11/24/2016 17:10
Ping:,26.1,ms,Download:,91.59,Mbit/s,Upload:,13.34,Mbit/s,11/24/2016 17:10
Ping:,20.906,ms,Download:,92.65,Mbit/s,Upload:,13.87,Mbit/s,11/24/2016 17:11
Ping:,18.261,ms,Download:,91.82,Mbit/s,Upload:,14.24,Mbit/s,11/24/2016 17:11
Ping:,17.306,ms,Download:,92.21,Mbit/s,Upload:,14.06,Mbit/s,11/24/2016 17:12
Ping:,19.516,ms,Download:,92.62,Mbit/s,Upload:,14.09,Mbit/s,11/24/2016 17:12
Ping:,23.181,ms,Download:,92.09,Mbit/s,Upload:,14.03,Mbit/s,11/24/2016 17:13
Ping:,18.527,ms,Download:,90.63,Mbit/s,Upload:,13.88,Mbit/s,11/24/2016 17:13
Ping:,21.381,ms,Download:,92.42,Mbit/s,Upload:,13.95,Mbit/s,11/24/2016 17:14
Ping:,28.074,ms,Download:,90.22,Mbit/s,Upload:,14.07,Mbit/s,11/24/2016 17:14
Ping:,19.97,ms,Download:,73.08,Mbit/s,Upload:,13.92,Mbit/s,11/24/2016 17:15
Ping:,18.716,ms,Download:,90.04,Mbit/s,Upload:,14.34,Mbit/s,11/24/2016 17:15
Ping:,17.808,ms,Download:,92.61,Mbit/s,Upload:,13.92,Mbit/s,11/24/2016 17:16
Ping:,20.901,ms,Download:,92.51,Mbit/s,Upload:,13.96,Mbit/s,11/24/2016 17:16
Ping:,20.174,ms,Download:,92.42,Mbit/s,Upload:,14.17,Mbit/s,11/24/2016 17:17
Ping:,19.41,ms,Download:,92.51,Mbit/s,Upload:,14.45,Mbit/s,11/24/2016 17:17
Ping:,21.159,ms,Download:,92.04,Mbit/s,Upload:,13.68,Mbit/s,11/24/2016 17:18
Ping:,20.884,ms,Download:,91.68,Mbit/s,Upload:,13.59,Mbit/s,11/24/2016 17:18
Ping:,19.361,ms,Download:,92.78,Mbit/s,Upload:,14.02,Mbit/s,11/24/2016 17:19
Ping:,19.876,ms,Download:,91.3,Mbit/s,Upload:,14.13,Mbit/s,11/24/2016 17:19
Ping:,18.166,ms,Download:,92.02,Mbit/s,Upload:,13.98,Mbit/s,11/24/2016 17:20
Ping:,19.458,ms,Download:,91.07,Mbit/s,Upload:,14.18,Mbit/s,11/24/2016 17:20
Ping:,19.117,ms,Download:,91.26,Mbit/s,Upload:,13.78,Mbit/s,11/24/2016 17:21
Ping:,19.55,ms,Download:,91.95,Mbit/s,Upload:,13.19,Mbit/s,11/24/2016 17:21
Ping:,20.761,ms,Download:,91.77,Mbit/s,Upload:,13.74,Mbit/s,11/24/2016 17:22
Ping:,20.058,ms,Download:,91.57,Mbit/s,Upload:,13.69,Mbit/s,11/24/2016 17:22
Ping:,18.755,ms,Download:,92.32,Mbit/s,Upload:,13.6,Mbit/s,11/24/2016 17:23
Ping:,19.283,ms,Download:,88.73,Mbit/s,Upload:,13.75,Mbit/s,11/24/2016 17:23
Ping:,30.099,ms,Download:,87.21,Mbit/s,Upload:,13.58,Mbit/s,11/24/2016 17:24
Ping:,24.125,ms,Download:,91.68,Mbit/s,Upload:,14.02,Mbit/s,11/24/2016 17:25
Ping:,20.012,ms,Download:,92.05,Mbit/s,Upload:,14.24,Mbit/s,11/24/2016 17:25
Ping:,23.519,ms,Download:,91.84,Mbit/s,Upload:,13.8,Mbit/s,11/24/2016 17:26
Ping:,17.702,ms,Download:,92.6,Mbit/s,Upload:,14.18,Mbit/s,11/24/2016 17:26
Ping:,20.02,ms,Download:,91.82,Mbit/s,Upload:,13.78,Mbit/s,11/24/2016 17:27
Ping:,19.83,ms,Download:,91.07,Mbit/s,Upload:,14.08,Mbit/s,11/24/2016 17:27
Ping:,23.013,ms,Download:,92.07,Mbit/s,Upload:,13.84,Mbit/s,11/24/2016 17:28
Ping:,21.437,ms,Download:,90.4,Mbit/s,Upload:,14.22,Mbit/s,11/24/2016 17:28
Ping:,19.121,ms,Download:,91.86,Mbit/s,Upload:,13.99,Mbit/s,11/24/2016 17:29
Ping:,22.998,ms,Download:,91.89,Mbit/s,Upload:,12.3,Mbit/s,11/24/2016 17:29
Ping:,76.528,ms,Download:,91.42,Mbit/s,Upload:,9.21,Mbit/s,11/24/2016 17:30
Ping:,66.9,ms,Download:,88.89,Mbit/s,Upload:,7.73,Mbit/s,11/24/2016 17:30
Ping:,62.229,ms,Download:,90.37,Mbit/s,Upload:,8.21,Mbit/s,11/24/2016 17:31
Ping:,62.836,ms,Download:,91.56,Mbit/s,Upload:,6.21,Mbit/s,11/24/2016 17:31
Ping:,56.454,ms,Download:,80.52,Mbit/s,Upload:,8.21,Mbit/s,11/24/2016 17:32
Ping:,44.51,ms,Download:,91.38,Mbit/s,Upload:,14.24,Mbit/s,11/24/2016 17:32
Ping:,21.168,ms,Download:,91.33,Mbit/s,Upload:,14.16,Mbit/s,11/24/2016 17:33
Ping:,18.95,ms,Download:,91.77,Mbit/s,Upload:,14.11,Mbit/s,11/24/2016 17:33
Ping:,20.068,ms,Download:,92.27,Mbit/s,Upload:,13.84,Mbit/s,11/24/2016 17:34
Ping:,22.003,ms,Download:,90.48,Mbit/s,Upload:,14.11,Mbit/s,11/24/2016 17:34
Ping:,22.341,ms,Download:,89.54,Mbit/s,Upload:,13.14,Mbit/s,11/24/2016 17:35
Ping:,22.414,ms,Download:,91.48,Mbit/s,Upload:,14.19,Mbit/s,11/24/2016 17:35
Ping:,19.366,ms,Download:,92.48,Mbit/s,Upload:,13.78,Mbit/s,11/24/2016 17:36
Ping:,18.854,ms,Download:,91.63,Mbit/s,Upload:,14.05,Mbit/s,11/24/2016 17:36
Ping:,18.137,ms,Download:,92.32,Mbit/s,Upload:,14.33,Mbit/s,11/24/2016 17:37
Ping:,23.203,ms,Download:,92.35,Mbit/s,Upload:,13.84,Mbit/s,11/24/2016 17:37
Ping:,25.659,ms,Download:,90.97,Mbit/s,Upload:,14.11,Mbit/s,11/24/2016 17:38
Ping:,21.342,ms,Download:,91.75,Mbit/s,Upload:,14.25,Mbit/s,11/24/2016 17:38
Ping:,19.416,ms,Download:,89.66,Mbit/s,Upload:,14.27,Mbit/s,11/24/2016 17:39
Ping:,20.924,ms,Download:,91.57,Mbit/s,Upload:,14.49,Mbit/s,11/24/2016 17:39
Ping:,18.632,ms,Download:,91.99,Mbit/s,Upload:,13.89,Mbit/s,11/24/2016 17:40
Ping:,21.057,ms,Download:,92.24,Mbit/s,Upload:,14.31,Mbit/s,11/24/2016 17:40
Ping:,25.258,ms,Download:,92.31,Mbit/s,Upload:,13.78,Mbit/s,11/24/2016 17:41
Ping:,21.565,ms,Download:,91.53,Mbit/s,Upload:,14.26,Mbit/s,11/24/2016 17:41
Ping:,20.514,ms,Download:,92.27,Mbit/s,Upload:,13.76,Mbit/s,11/24/2016 17:42
Ping:,21.027,ms,Download:,90.41,Mbit/s,Upload:,13.6,Mbit/s,11/24/2016 17:43
Ping:,19.978,ms,Download:,91.7,Mbit/s,Upload:,14.03,Mbit/s,11/24/2016 17:43
Ping:,17.708,ms,Download:,91.62,Mbit/s,Upload:,14.3,Mbit/s,11/24/2016 17:44
Ping:,21.897,ms,Download:,88.53,Mbit/s,Upload:,14.27,Mbit/s,11/24/2016 17:44
Ping:,20.145,ms,Download:,92.39,Mbit/s,Upload:,14.15,Mbit/s,11/24/2016 17:45
Ping:,20.559,ms,Download:,91.75,Mbit/s,Upload:,14.12,Mbit/s,11/24/2016 17:45
Ping:,20.27,ms,Download:,92.37,Mbit/s,Upload:,14.09,Mbit/s,11/24/2016 17:46
Ping:,19.548,ms,Download:,89.24,Mbit/s,Upload:,14.16,Mbit/s,11/24/2016 17:46
Ping:,19.444,ms,Download:,72.95,Mbit/s,Upload:,13.76,Mbit/s,11/24/2016 17:47
Ping:,20.496,ms,Download:,92.41,Mbit/s,Upload:,13.4,Mbit/s,11/24/2016 17:47
Ping:,17.816,ms,Download:,92.41,Mbit/s,Upload:,13.68,Mbit/s,11/24/2016 17:48
Ping:,20.223,ms,Download:,92.27,Mbit/s,Upload:,13.88,Mbit/s,11/24/2016 17:48
Ping:,20.649,ms,Download:,90.04,Mbit/s,Upload:,13.89,Mbit/s,11/24/2016 17:49
Ping:,21.587,ms,Download:,90.4,Mbit/s,Upload:,13.87,Mbit/s,11/24/2016 17:49
Ping:,20.607,ms,Download:,92.12,Mbit/s,Upload:,14.21,Mbit/s,11/24/2016 17:50
Ping:,18.599,ms,Download:,91.89,Mbit/s,Upload:,14.04,Mbit/s,11/24/2016 17:50
Ping:,21.216,ms,Download:,91.05,Mbit/s,Upload:,14.04,Mbit/s,11/24/2016 17:51
Ping:,19.968,ms,Download:,89.19,Mbit/s,Upload:,14.07,Mbit/s,11/24/2016 17:51
Ping:,20.245,ms,Download:,92.02,Mbit/s,Upload:,14.06,Mbit/s,11/24/2016 17:52
Ping:,20.592,ms,Download:,92.59,Mbit/s,Upload:,13.76,Mbit/s,11/24/2016 17:52
Ping:,20.502,ms,Download:,91.11,Mbit/s,Upload:,13.88,Mbit/s,11/24/2016 17:53
Ping:,18.1,ms,Download:,89.88,Mbit/s,Upload:,14.18,Mbit/s,11/24/2016 17:53
Ping:,18.842,ms,Download:,92.01,Mbit/s,Upload:,13.93,Mbit/s,11/24/2016 17:54
Ping:,18.914,ms,Download:,90.04,Mbit/s,Upload:,14.13,Mbit/s,11/24/2016 17:54
Ping:,19.557,ms,Download:,90.5,Mbit/s,Upload:,14.13,Mbit/s,11/24/2016 17:55
Ping:,20.483,ms,Download:,92.08,Mbit/s,Upload:,14.14,Mbit/s,11/24/2016 17:55
Ping:,19.929,ms,Download:,90.45,Mbit/s,Upload:,13.95,Mbit/s,11/24/2016 17:56
Ping:,20.102,ms,Download:,91.52,Mbit/s,Upload:,14.16,Mbit/s,11/24/2016 17:56
Ping:,20.588,ms,Download:,90.18,Mbit/s,Upload:,14.31,Mbit/s,11/24/2016 17:57
Ping:,18.254,ms,Download:,89.11,Mbit/s,Upload:,13.62,Mbit/s,11/24/2016 17:57
Ping:,20.47,ms,Download:,92.62,Mbit/s,Upload:,13.49,Mbit/s,11/24/2016 17:58
Ping:,21.694,ms,Download:,92.61,Mbit/s,Upload:,13.62,Mbit/s,11/24/2016 17:58
Ping:,20.484,ms,Download:,91,Mbit/s,Upload:,14.44,Mbit/s,11/24/2016 17:59
Ping:,23.434,ms,Download:,91.51,Mbit/s,Upload:,14.11,Mbit/s,11/24/2016 17:59
Ping:,24.961,ms,Download:,88.51,Mbit/s,Upload:,8.5,Mbit/s,11/24/2016 18:00
Ping:,20.062,ms,Download:,91.08,Mbit/s,Upload:,13.9,Mbit/s,11/24/2016 18:00
Ping:,17.464,ms,Download:,88.37,Mbit/s,Upload:,14.46,Mbit/s,11/24/2016 18:01
Ping:,20.219,ms,Download:,90.26,Mbit/s,Upload:,14,Mbit/s,11/24/2016 18:01
Ping:,18.363,ms,Download:,92.06,Mbit/s,Upload:,14.55,Mbit/s,11/24/2016 18:02
Ping:,21.175,ms,Download:,92.59,Mbit/s,Upload:,14.46,Mbit/s,11/24/2016 18:02
Ping:,19.994,ms,Download:,91.78,Mbit/s,Upload:,14.27,Mbit/s,11/24/2016 18:03
Ping:,26.073,ms,Download:,90.23,Mbit/s,Upload:,14.42,Mbit/s,11/24/2016 18:03
Ping:,21.29,ms,Download:,83.78,Mbit/s,Upload:,14.44,Mbit/s,11/24/2016 18:04
Ping:,19.106,ms,Download:,91.87,Mbit/s,Upload:,14.05,Mbit/s,11/24/2016 18:04
Ping:,19.948,ms,Download:,91.99,Mbit/s,Upload:,14.21,Mbit/s,11/24/2016 18:05
Ping:,19.766,ms,Download:,92,Mbit/s,Upload:,14.21,Mbit/s,11/24/2016 18:05
Ping:,20.605,ms,Download:,90.61,Mbit/s,Upload:,14.06,Mbit/s,11/24/2016 18:06
Ping:,20.542,ms,Download:,92.51,Mbit/s,Upload:,14.13,Mbit/s,11/24/2016 18:06
Ping:,20.061,ms,Download:,92.09,Mbit/s,Upload:,9.55,Mbit/s,11/24/2016 18:07
Ping:,19.83,ms,Download:,88.75,Mbit/s,Upload:,14.18,Mbit/s,11/24/2016 18:07
Ping:,22.949,ms,Download:,87.02,Mbit/s,Upload:,13.98,Mbit/s,11/24/2016 18:08
Ping:,22.737,ms,Download:,90.1,Mbit/s,Upload:,14.12,Mbit/s,11/24/2016 18:08
Ping:,19.155,ms,Download:,92.51,Mbit/s,Upload:,14.19,Mbit/s,11/24/2016 18:09
Ping:,19.435,ms,Download:,92.37,Mbit/s,Upload:,14.12,Mbit/s,11/24/2016 18:09
Ping:,19.733,ms,Download:,90.16,Mbit/s,Upload:,14.45,Mbit/s,11/24/2016 18:10
Ping:,21.347,ms,Download:,90.8,Mbit/s,Upload:,14.13,Mbit/s,11/24/2016 18:10
Ping:,21.858,ms,Download:,91.46,Mbit/s,Upload:,14.5,Mbit/s,11/24/2016 18:11
Ping:,18.934,ms,Download:,90.05,Mbit/s,Upload:,14.34,Mbit/s,11/24/2016 18:11
Ping:,18.917,ms,Download:,85.75,Mbit/s,Upload:,14.23,Mbit/s,11/24/2016 18:12
Ping:,20.914,ms,Download:,90.17,Mbit/s,Upload:,13.97,Mbit/s,11/24/2016 18:12
Ping:,26.676,ms,Download:,89.66,Mbit/s,Upload:,13.9,Mbit/s,11/24/2016 18:13
Ping:,24.697,ms,Download:,88.2,Mbit/s,Upload:,13.48,Mbit/s,11/24/2016 18:13
Ping:,18.138,ms,Download:,90.84,Mbit/s,Upload:,8.51,Mbit/s,11/24/2016 18:14
Ping:,21.394,ms,Download:,89.07,Mbit/s,Upload:,13.85,Mbit/s,11/24/2016 18:14
Ping:,19.796,ms,Download:,91.62,Mbit/s,Upload:,13.98,Mbit/s,11/24/2016 18:15
Ping:,21.959,ms,Download:,90.22,Mbit/s,Upload:,13.53,Mbit/s,11/24/2016 18:15
Ping:,20.708,ms,Download:,90.85,Mbit/s,Upload:,13.75,Mbit/s,11/24/2016 18:16
Ping:,17.668,ms,Download:,87.63,Mbit/s,Upload:,14.33,Mbit/s,11/24/2016 18:16
Ping:,24.898,ms,Download:,91.07,Mbit/s,Upload:,8.15,Mbit/s,11/24/2016 18:17
Ping:,52.332,ms,Download:,89.89,Mbit/s,Upload:,8.28,Mbit/s,11/24/2016 18:17
Ping:,54.844,ms,Download:,90.89,Mbit/s,Upload:,7.76,Mbit/s,11/24/2016 18:18
Ping:,55.587,ms,Download:,88.34,Mbit/s,Upload:,13.47,Mbit/s,11/24/2016 18:18
Ping:,21.638,ms,Download:,92.25,Mbit/s,Upload:,13.71,Mbit/s,11/24/2016 18:19
Ping:,20.036,ms,Download:,90.63,Mbit/s,Upload:,13.74,Mbit/s,11/24/2016 18:19
Ping:,21.624,ms,Download:,92.34,Mbit/s,Upload:,13.72,Mbit/s,11/24/2016 18:20
Ping:,23.16,ms,Download:,91.43,Mbit/s,Upload:,13.7,Mbit/s,11/24/2016 18:20
Ping:,20.829,ms,Download:,92.09,Mbit/s,Upload:,13.87,Mbit/s,11/24/2016 18:21
Ping:,19.457,ms,Download:,91.65,Mbit/s,Upload:,14.29,Mbit/s,11/24/2016 18:21
Ping:,19.75,ms,Download:,90.8,Mbit/s,Upload:,14.11,Mbit/s,11/24/2016 18:22
Ping:,23.035,ms,Download:,88.22,Mbit/s,Upload:,14.17,Mbit/s,11/24/2016 18:22
Ping:,20.33,ms,Download:,88.08,Mbit/s,Upload:,14.03,Mbit/s,11/24/2016 18:23
Ping:,17.697,ms,Download:,90.32,Mbit/s,Upload:,13.5,Mbit/s,11/24/2016 18:23
Ping:,24.363,ms,Download:,88.85,Mbit/s,Upload:,13.52,Mbit/s,11/24/2016 18:24
Ping:,23.473,ms,Download:,91.72,Mbit/s,Upload:,13.84,Mbit/s,11/24/2016 18:24
Ping:,19.552,ms,Download:,92.17,Mbit/s,Upload:,13.35,Mbit/s,11/24/2016 18:25
Ping:,19.129,ms,Download:,91.12,Mbit/s,Upload:,13.94,Mbit/s,11/24/2016 18:26
Ping:,20.84,ms,Download:,92.3,Mbit/s,Upload:,13.72,Mbit/s,11/24/2016 18:26
Ping:,18.903,ms,Download:,91.06,Mbit/s,Upload:,13.85,Mbit/s,11/24/2016 18:27
Ping:,20.691,ms,Download:,75.65,Mbit/s,Upload:,13.77,Mbit/s,11/24/2016 18:27
Ping:,21.206,ms,Download:,91.19,Mbit/s,Upload:,13.54,Mbit/s,11/24/2016 18:28
Ping:,18.649,ms,Download:,87.3,Mbit/s,Upload:,13.88,Mbit/s,11/24/2016 18:28
Ping:,23.095,ms,Download:,87.85,Mbit/s,Upload:,14.21,Mbit/s,11/24/2016 18:29
Ping:,20.65,ms,Download:,91.59,Mbit/s,Upload:,14.53,Mbit/s,11/24/2016 18:29
Ping:,19.947,ms,Download:,90.54,Mbit/s,Upload:,13.96,Mbit/s,11/24/2016 18:30
Ping:,18.595,ms,Download:,91.62,Mbit/s,Upload:,13.65,Mbit/s,11/24/2016 18:30
Ping:,21.49,ms,Download:,86.26,Mbit/s,Upload:,13.3,Mbit/s,11/24/2016 18:31
Ping:,18.449,ms,Download:,91.11,Mbit/s,Upload:,13.73,Mbit/s,11/24/2016 18:31
Ping:,19.274,ms,Download:,92.06,Mbit/s,Upload:,13.6,Mbit/s,11/24/2016 18:32
Ping:,16.611,ms,Download:,90.97,Mbit/s,Upload:,13.47,Mbit/s,11/24/2016 18:32
Ping:,18.003,ms,Download:,87.67,Mbit/s,Upload:,13.65,Mbit/s,11/24/2016 18:33
Ping:,17.738,ms,Download:,91.67,Mbit/s,Upload:,13.88,Mbit/s,11/24/2016 18:33
Ping:,21.001,ms,Download:,85.65,Mbit/s,Upload:,14.07,Mbit/s,11/24/2016 18:34
Ping:,19.207,ms,Download:,91.38,Mbit/s,Upload:,14.08,Mbit/s,11/24/2016 18:34
Ping:,21.836,ms,Download:,84.74,Mbit/s,Upload:,13.43,Mbit/s,11/24/2016 18:35
Ping:,23.799,ms,Download:,91.17,Mbit/s,Upload:,14.31,Mbit/s,11/24/2016 18:35
Ping:,17.687,ms,Download:,85.12,Mbit/s,Upload:,13.66,Mbit/s,11/24/2016 18:36
Ping:,20.074,ms,Download:,88.97,Mbit/s,Upload:,9.21,Mbit/s,11/24/2016 18:36
Ping:,20.535,ms,Download:,86.61,Mbit/s,Upload:,13.72,Mbit/s,11/24/2016 18:37
Ping:,18.617,ms,Download:,86.74,Mbit/s,Upload:,13.73,Mbit/s,11/24/2016 18:37
Ping:,20.704,ms,Download:,91.53,Mbit/s,Upload:,14.02,Mbit/s,11/24/2016 18:38
Ping:,18.259,ms,Download:,91.77,Mbit/s,Upload:,13.87,Mbit/s,11/24/2016 18:38
Ping:,19.609,ms,Download:,90.42,Mbit/s,Upload:,14.09,Mbit/s,11/24/2016 18:39
Ping:,19.064,ms,Download:,91.16,Mbit/s,Upload:,14.28,Mbit/s,11/24/2016 18:39
Ping:,20.253,ms,Download:,90.34,Mbit/s,Upload:,13.77,Mbit/s,11/24/2016 18:40
Ping:,22.819,ms,Download:,89.17,Mbit/s,Upload:,14.23,Mbit/s,11/24/2016 18:40
Ping:,18.038,ms,Download:,90.27,Mbit/s,Upload:,14.54,Mbit/s,11/24/2016 18:41
Ping:,20.787,ms,Download:,90.94,Mbit/s,Upload:,14.22,Mbit/s,11/24/2016 18:41
Ping:,20.604,ms,Download:,90.68,Mbit/s,Upload:,14.26,Mbit/s,11/24/2016 18:42
Ping:,20.905,ms,Download:,88.65,Mbit/s,Upload:,14.17,Mbit/s,11/24/2016 18:42
Ping:,19.762,ms,Download:,89.09,Mbit/s,Upload:,14.15,Mbit/s,11/24/2016 18:43
Ping:,17.83,ms,Download:,87.93,Mbit/s,Upload:,14.08,Mbit/s,11/24/2016 18:43
Ping:,19.706,ms,Download:,89.89,Mbit/s,Upload:,13.87,Mbit/s,11/24/2016 18:44
Ping:,21.97,ms,Download:,87.76,Mbit/s,Upload:,14.36,Mbit/s,11/24/2016 18:44
Ping:,19.446,ms,Download:,83.81,Mbit/s,Upload:,14.18,Mbit/s,11/24/2016 18:45
Ping:,18.065,ms,Download:,87.74,Mbit/s,Upload:,14.24,Mbit/s,11/24/2016 18:45
Ping:,22.022,ms,Download:,91.16,Mbit/s,Upload:,14.47,Mbit/s,11/24/2016 18:46
Ping:,19.623,ms,Download:,91.36,Mbit/s,Upload:,14.14,Mbit/s,11/24/2016 18:46
Ping:,18.705,ms,Download:,91.84,Mbit/s,Upload:,14.18,Mbit/s,11/24/2016 18:47
Ping:,19.648,ms,Download:,89.52,Mbit/s,Upload:,14,Mbit/s,11/24/2016 18:47
Ping:,24.782,ms,Download:,90.41,Mbit/s,Upload:,13.77,Mbit/s,11/24/2016 18:48
Ping:,24.226,ms,Download:,91.38,Mbit/s,Upload:,13.88,Mbit/s,11/24/2016 18:49
Ping:,27.692,ms,Download:,88.79,Mbit/s,Upload:,13.81,Mbit/s,11/24/2016 18:49
Ping:,19.714,ms,Download:,89.9,Mbit/s,Upload:,13.86,Mbit/s,11/24/2016 18:50
Ping:,18.517,ms,Download:,92.04,Mbit/s,Upload:,13.86,Mbit/s,11/24/2016 18:50
Ping:,23.322,ms,Download:,88.28,Mbit/s,Upload:,13.99,Mbit/s,11/24/2016 18:51
Ping:,21.479,ms,Download:,90.05,Mbit/s,Upload:,14.07,Mbit/s,11/24/2016 18:51
Ping:,18.426,ms,Download:,90.41,Mbit/s,Upload:,14.15,Mbit/s,11/24/2016 18:52
Ping:,19.131,ms,Download:,88.83,Mbit/s,Upload:,14.12,Mbit/s,11/24/2016 18:52
Ping:,20.171,ms,Download:,91.04,Mbit/s,Upload:,14.14,Mbit/s,11/24/2016 18:53
Ping:,17.712,ms,Download:,88.23,Mbit/s,Upload:,14.01,Mbit/s,11/24/2016 18:53
Ping:,21.089,ms,Download:,90.16,Mbit/s,Upload:,14.19,Mbit/s,11/24/2016 18:54
Ping:,18.271,ms,Download:,90.66,Mbit/s,Upload:,14.32,Mbit/s,11/24/2016 18:54
Ping:,16.716,ms,Download:,90.79,Mbit/s,Upload:,14.43,Mbit/s,11/24/2016 18:55
Ping:,20.406,ms,Download:,88.83,Mbit/s,Upload:,14.22,Mbit/s,11/24/2016 18:55
Ping:,20.012,ms,Download:,85.89,Mbit/s,Upload:,14.24,Mbit/s,11/24/2016 18:56
Ping:,22.776,ms,Download:,86.71,Mbit/s,Upload:,14.35,Mbit/s,11/24/2016 18:56
Ping:,21.437,ms,Download:,88.8,Mbit/s,Upload:,13.91,Mbit/s,11/24/2016 18:57
Ping:,23.221,ms,Download:,83.11,Mbit/s,Upload:,13.41,Mbit/s,11/24/2016 18:57
Ping:,20.229,ms,Download:,91.04,Mbit/s,Upload:,13.89,Mbit/s,11/24/2016 18:58
Ping:,20.237,ms,Download:,91.33,Mbit/s,Upload:,14.02,Mbit/s,11/24/2016 18:58
Ping:,20.431,ms,Download:,89.15,Mbit/s,Upload:,14.08,Mbit/s,11/24/2016 18:59
Ping:,18.71,ms,Download:,87.93,Mbit/s,Upload:,14.19,Mbit/s,11/24/2016 18:59
Ping:,22.444,ms,Download:,79.42,Mbit/s,Upload:,6.87,Mbit/s,11/24/2016 19:00
Ping:,22.17,ms,Download:,89.62,Mbit/s,Upload:,14.48,Mbit/s,11/24/2016 19:00
Ping:,20.748,ms,Download:,85.52,Mbit/s,Upload:,14.06,Mbit/s,11/24/2016 19:01
Ping:,22.259,ms,Download:,90.3,Mbit/s,Upload:,13.86,Mbit/s,11/24/2016 19:01
Ping:,18.607,ms,Download:,84.59,Mbit/s,Upload:,13.5,Mbit/s,11/24/2016 19:02
Ping:,19.104,ms,Download:,87.31,Mbit/s,Upload:,13.99,Mbit/s,11/24/2016 19:02
Ping:,17.316,ms,Download:,84.72,Mbit/s,Upload:,14.28,Mbit/s,11/24/2016 19:03
Ping:,19.767,ms,Download:,86.3,Mbit/s,Upload:,13.83,Mbit/s,11/24/2016 19:03
Ping:,19.404,ms,Download:,87.1,Mbit/s,Upload:,13.57,Mbit/s,11/24/2016 19:04
Ping:,18.202,ms,Download:,89.59,Mbit/s,Upload:,14.21,Mbit/s,11/24/2016 19:04
Ping:,21.895,ms,Download:,84.36,Mbit/s,Upload:,14.02,Mbit/s,11/24/2016 19:05
Ping:,19.598,ms,Download:,87.46,Mbit/s,Upload:,14.25,Mbit/s,11/24/2016 19:05
Ping:,19.052,ms,Download:,88.81,Mbit/s,Upload:,13.55,Mbit/s,11/24/2016 19:06
Ping:,17.349,ms,Download:,75.29,Mbit/s,Upload:,14.39,Mbit/s,11/24/2016 19:06
Ping:,21.164,ms,Download:,84.18,Mbit/s,Upload:,14.12,Mbit/s,11/24/2016 19:07
Ping:,19.757,ms,Download:,88.41,Mbit/s,Upload:,13.95,Mbit/s,11/24/2016 19:07
Ping:,21.59,ms,Download:,83.09,Mbit/s,Upload:,13.79,Mbit/s,11/24/2016 19:08
Ping:,17.428,ms,Download:,83.86,Mbit/s,Upload:,13.99,Mbit/s,11/24/2016 19:08
Ping:,23.409,ms,Download:,87,Mbit/s,Upload:,12.6,Mbit/s,11/24/2016 19:09
Ping:,18.122,ms,Download:,88.76,Mbit/s,Upload:,14.41,Mbit/s,11/24/2016 19:09
Ping:,18.846,ms,Download:,90.67,Mbit/s,Upload:,13.83,Mbit/s,11/24/2016 19:10
Ping:,22.126,ms,Download:,86.04,Mbit/s,Upload:,14.22,Mbit/s,11/24/2016 19:10
Ping:,19.223,ms,Download:,87.12,Mbit/s,Upload:,12.16,Mbit/s,11/24/2016 19:11
Ping:,21.667,ms,Download:,85.63,Mbit/s,Upload:,14.35,Mbit/s,11/24/2016 19:11
Ping:,19.038,ms,Download:,88.73,Mbit/s,Upload:,14.4,Mbit/s,11/24/2016 19:12
Ping:,21.831,ms,Download:,84.15,Mbit/s,Upload:,14.43,Mbit/s,11/24/2016 19:12
Ping:,18.812,ms,Download:,89,Mbit/s,Upload:,14.16,Mbit/s,11/24/2016 19:13
Ping:,18.158,ms,Download:,86.3,Mbit/s,Upload:,14.13,Mbit/s,11/24/2016 19:14
Ping:,21.874,ms,Download:,86.07,Mbit/s,Upload:,13.94,Mbit/s,11/24/2016 19:14
Ping:,23.073,ms,Download:,83.97,Mbit/s,Upload:,14.18,Mbit/s,11/24/2016 19:15
Ping:,20.952,ms,Download:,88.67,Mbit/s,Upload:,14.35,Mbit/s,11/24/2016 19:15
Ping:,19.397,ms,Download:,84.86,Mbit/s,Upload:,14.35,Mbit/s,11/24/2016 19:16
Ping:,20.117,ms,Download:,84.99,Mbit/s,Upload:,14.33,Mbit/s,11/24/2016 19:16
Ping:,17.995,ms,Download:,86.21,Mbit/s,Upload:,6.88,Mbit/s,11/24/2016 19:17
,,,,,,,,,
,,,,,,,,,
,,,,,,,,,
,,,,,,,,,
,,,,,,,,,
,,,,,,,,,
,,,,,,,,,
,,,,,,,,,
